ISO,Country,Description,Price / msg
,Unknown,SATELLITE Outbound SMS - Com4 Sweden,0.1
,Unknown,SATELLITE Outbound SMS - Iridium Communications,0.1
,Unknown,SATELLITE Outbound SMS - Other,0.1
AD,Andorra,ANDORRA Outbound SMS - Mobiland,0.1317
AD,Andorra,ANDORRA Outbound SMS - Other,0.1317
AE,United Arab Emirates,UNITED ARAB EMIRATES Outbound SMS - Etisalat,0.1092
AE,United Arab Emirates,UNITED ARAB EMIRATES Outbound SMS - Other,0.1092
AE,United Arab Emirates,UNITED ARAB EMIRATES Outbound SMS - du,0.1092
AF,Afghanistan,AFGHANISTAN Outbound SMS - AWCC,0.3756
AF,Afghanistan,AFGHANISTAN Outbound SMS - Afghan Telecom,0.3756
AF,Afghanistan,AFGHANISTAN Outbound SMS - Etisalat,0.3756
AF,Afghanistan,AFGHANISTAN Outbound SMS - MTN,0.3756
AF,Afghanistan,AFGHANISTAN Outbound SMS - Other,0.3756
AF,Afghanistan,AFGHANISTAN Outbound SMS - Roshan,0.3756
AG,Antigua and Barbuda,ANTIGUA AND BARBUDA Outbound SMS - APUA,0.098
AG,Antigua and Barbuda,ANTIGUA AND BARBUDA Outbound SMS - Cable & Wireless,0.098
AG,Antigua and Barbuda,ANTIGUA AND BARBUDA Outbound SMS - Digicel,0.098
AG,Antigua and Barbuda,ANTIGUA AND BARBUDA Outbound SMS - LIME,0.098
AG,Antigua and Barbuda,ANTIGUA AND BARBUDA Outbound SMS - Other,0.098
AI,Anguilla,ANGUILLA Outbound SMS - Digicel,0.1387
AI,Anguilla,ANGUILLA Outbound SMS - LIME,0.1387
AI,Anguilla,ANGUILLA Outbound SMS - Other,0.1387
AI,Anguilla,ANGUILLA Outbound SMS - Weblinks,0.1387
AL,Albania,ALBANIA Outbound SMS - AMC,0.091
AL,Albania,ALBANIA Outbound SMS - Eagle Mobile,0.091
AL,Albania,ALBANIA Outbound SMS - Other,0.091
AL,Albania,ALBANIA Outbound SMS - Plus Communications,0.091
AL,Albania,ALBANIA Outbound SMS - Vodafone,0.091
AM,Armenia,ARMENIA Outbound SMS - Beeline,0.1384
AM,Armenia,ARMENIA Outbound SMS - Karabakh Telecom,0.1384
AM,Armenia,ARMENIA Outbound SMS - Orange,0.1384
AM,Armenia,ARMENIA Outbound SMS - Other,0.1384
AM,Armenia,ARMENIA Outbound SMS - Viva Cell,0.1384
AO,Angola,ANGOLA Outbound SMS - Movicel,0.0887
AO,Angola,ANGOLA Outbound SMS - Other,0.0887
AO,Angola,ANGOLA Outbound SMS - Unitel,0.0887
AR,Argentina,ARGENTINA Outbound SMS - Claro,0.0935
AR,Argentina,ARGENTINA Outbound SMS - NEXTEL,0.0935
AR,Argentina,ARGENTINA Outbound SMS - Other,0.0935
AR,Argentina,ARGENTINA Outbound SMS - Personal,0.0935
AR,Argentina,ARGENTINA Outbound SMS - movistar,0.0935
AS,American Samoa,AMERICAN SAMOA Outbound SMS - Bluesky,0.1881
AT,Austria,AUSTRIA Outbound SMS - 3,0.0979
AT,Austria,AUSTRIA Outbound SMS - A1,0.0979
AT,Austria,AUSTRIA Outbound SMS - Barablu Mobile,0.0979
AT,Austria,AUSTRIA Outbound SMS - Lycamobile,0.0979
AT,Austria,AUSTRIA Outbound SMS - MASS Response,0.0979
AT,Austria,AUSTRIA Outbound SMS - Other,0.0979
AT,Austria,AUSTRIA Outbound SMS - Smartspace,0.0979
AT,Austria,AUSTRIA Outbound SMS - T-Mobile,0.0979
AT,Austria,AUSTRIA Outbound SMS - Tele2,0.0979
AT,Austria,AUSTRIA Outbound SMS - UPC,0.0979
AT,Austria,AUSTRIA Outbound SMS - m:tel,0.0979
AU,Australia,AUSTRALIA Outbound SMS - 3,0.0515
AU,Australia,AUSTRALIA Outbound SMS - Lycamobile,0.0515
AU,Australia,AUSTRALIA Outbound SMS - Optus,0.0515
AU,Australia,AUSTRALIA Outbound SMS - Other,0.0515
AU,Australia,AUSTRALIA Outbound SMS - Pivotel,0.0515
AU,Australia,AUSTRALIA Outbound SMS - Telstra,0.0515
AU,Australia,AUSTRALIA Outbound SMS - Vodafone,0.0515
AW,Aruba,ARUBA Outbound SMS - Digicel,0.1159
AW,Aruba,ARUBA Outbound SMS - Other,0.1159
AW,Aruba,ARUBA Outbound SMS - SETAR,0.1159
AZ,Azerbaijan,AZERBAIJAN Outbound SMS - AzerCell,0.3877
AZ,Azerbaijan,AZERBAIJAN Outbound SMS - BakCell,0.3877
AZ,Azerbaijan,AZERBAIJAN Outbound SMS - CATEL,0.3877
AZ,Azerbaijan,AZERBAIJAN Outbound SMS - Nar Mobile,0.3877
AZ,Azerbaijan,AZERBAIJAN Outbound SMS - Other,0.3877
BA,Bosnia and Herzegovina,BOSNIA AND HERZEGOVINA Outbound SMS - BH Mobile,0.084
BA,Bosnia and Herzegovina,BOSNIA AND HERZEGOVINA Outbound SMS - ERONET,0.084
BA,Bosnia and Herzegovina,BOSNIA AND HERZEGOVINA Outbound SMS - Other,0.084
BA,Bosnia and Herzegovina,BOSNIA AND HERZEGOVINA Outbound SMS - mtel,0.084
BB,Barbados,BARBADOS Outbound SMS - Digicel,0.1289
BB,Barbados,BARBADOS Outbound SMS - LIME,0.1289
BB,Barbados,BARBADOS Outbound SMS - Other,0.1289
BD,Bangladesh,BANGLADESH Outbound SMS - Airtel,0.3222
BD,Bangladesh,BANGLADESH Outbound SMS - Banglalink,0.3222
BD,Bangladesh,BANGLADESH Outbound SMS - Citycell,0.3222
BD,Bangladesh,BANGLADESH Outbound SMS - Grameenphone,0.3222
BD,Bangladesh,BANGLADESH Outbound SMS - Other,0.3222
BD,Bangladesh,BANGLADESH Outbound SMS - Robi,0.3222
BD,Bangladesh,BANGLADESH Outbound SMS - Teletalk,0.3222
BE,Belgium,BELGIUM Outbound SMS - BASE,0.105
BE,Belgium,BELGIUM Outbound SMS - JOIN Experience,0.105
BE,Belgium,BELGIUM Outbound SMS - Lycamobile,0.105
BE,Belgium,BELGIUM Outbound SMS - Mobistar,0.105
BE,Belgium,BELGIUM Outbound SMS - Other,0.105
BE,Belgium,BELGIUM Outbound SMS - Proximus,0.105
BE,Belgium,BELGIUM Outbound SMS - Telenet Mobile,0.105
BF,Burkina Faso,BURKINA FASO Outbound SMS - Airtel,0.1818
BF,Burkina Faso,BURKINA FASO Outbound SMS - Onatel,0.1818
BF,Burkina Faso,BURKINA FASO Outbound SMS - Other,0.1818
BF,Burkina Faso,BURKINA FASO Outbound SMS - Telecel Faso,0.1818
BG,Bulgaria,BULGARIA Outbound SMS - M-Tel,0.1466
BG,Bulgaria,BULGARIA Outbound SMS - Other,0.1466
BG,Bulgaria,BULGARIA Outbound SMS - TELENOR,0.1466
BG,Bulgaria,BULGARIA Outbound SMS - VIVACOM,0.1466
BH,Bahrain,BAHRAIN Outbound SMS - BATELCO,0.0364
BH,Bahrain,BAHRAIN Outbound SMS - Other,0.0364
BH,Bahrain,BAHRAIN Outbound SMS - Royal Court,0.0364
BH,Bahrain,BAHRAIN Outbound SMS - VIVA,0.0364
BH,Bahrain,BAHRAIN Outbound SMS - zain,0.0364
BI,Burundi,BURUNDI Outbound SMS - Econet,0.3757
BI,Burundi,BURUNDI Outbound SMS - Leo,0.3757
BI,Burundi,BURUNDI Outbound SMS - ONAMOB,0.3757
BI,Burundi,BURUNDI Outbound SMS - Other,0.3757
BI,Burundi,BURUNDI Outbound SMS - Smart Mobile,0.3757
BI,Burundi,BURUNDI Outbound SMS - Tempo,0.3757
BJ,Benin,BENIN Outbound SMS - BBcom,0.1445
BJ,Benin,BENIN Outbound SMS - Glo,0.1445
BJ,Benin,BENIN Outbound SMS - Libercom,0.1445
BJ,Benin,BENIN Outbound SMS - MTN,0.1445
BJ,Benin,BENIN Outbound SMS - Moov,0.1445
BJ,Benin,BENIN Outbound SMS - Other,0.1445
BM,Bermuda,BERMUDA Outbound SMS - CellONE,0.1516
BM,Bermuda,BERMUDA Outbound SMS - Digicel,0.1516
BM,Bermuda,BERMUDA Outbound SMS - M3 Wireless,0.1516
BM,Bermuda,BERMUDA Outbound SMS - Other,0.1516
BN,Brunei,BRUNEI DARUSSALAM Outbound SMS - B-Mobile,0.02
BN,Brunei,BRUNEI DARUSSALAM Outbound SMS - DSTCom,0.02
BN,Brunei,BRUNEI DARUSSALAM Outbound SMS - Other,0.02
BO,Bolivia,BOLIVIA Outbound SMS - Entel,0.1452
BO,Bolivia,BOLIVIA Outbound SMS - NuevaTel PCS,0.1452
BO,Bolivia,BOLIVIA Outbound SMS - Other,0.1452
BO,Bolivia,BOLIVIA Outbound SMS - Tigo,0.1452
BR,Brazil,BRAZIL Outbound SMS - CTBC,0.0599
BR,Brazil,BRAZIL Outbound SMS - Claro,0.0599
BR,Brazil,BRAZIL Outbound SMS - NEXTEL,0.0599
BR,Brazil,BRAZIL Outbound SMS - Oi,0.0599
BR,Brazil,BRAZIL Outbound SMS - Other,0.0599
BR,Brazil,BRAZIL Outbound SMS - Sercomtel,0.0599
BR,Brazil,BRAZIL Outbound SMS - Surf Telecom,0.0599
BR,Brazil,BRAZIL Outbound SMS - TIM,0.0599
BR,Brazil,BRAZIL Outbound SMS - Vivo,0.0599
BS,Bahamas,BAHAMAS Outbound SMS - BTC,0.0525
BS,Bahamas,BAHAMAS Outbound SMS - NewCo2015,0.0525
BS,Bahamas,BAHAMAS Outbound SMS - Other,0.0525
BT,Bhutan,BHUTAN Outbound SMS - B-Mobile,0.4007
BT,Bhutan,BHUTAN Outbound SMS - Other,0.4007
BT,Bhutan,BHUTAN Outbound SMS - TashiCell,0.4007
BW,Botswana,BOTSWANA Outbound SMS - Be Mobile,0.0998
BW,Botswana,BOTSWANA Outbound SMS - MASCOM,0.0998
BW,Botswana,BOTSWANA Outbound SMS - Orange,0.0998
BW,Botswana,BOTSWANA Outbound SMS - Other,0.0998
BY,Belarus,BELARUS Outbound SMS - MTS,0.2521
BY,Belarus,BELARUS Outbound SMS - Other,0.2521
BY,Belarus,BELARUS Outbound SMS - Velcom,0.2521
BY,Belarus,BELARUS Outbound SMS - life:),0.2521
BZ,Belize,BELIZE Outbound SMS - Digicell,0.2738
BZ,Belize,BELIZE Outbound SMS - Other,0.2738
BZ,Belize,BELIZE Outbound SMS - Smart,0.2738
CA,Canada,CANADA Local Outbound SMS -  Telus ,0.0079
CA,Canada,CANADA Local Outbound SMS - Bell & Virgin,0.0079
CA,Canada,CANADA Local Outbound SMS - Other,0.0079
CA,Canada,CANADA Local Outbound SMS - Rogers,0.0079
CD,DR Congo,"CONGO, DEMOCRATIC REPUBLIC OF THE Outbound SMS - Airtel",0.2291
CD,DR Congo,"CONGO, DEMOCRATIC REPUBLIC OF THE Outbound SMS - Orange",0.2291
CD,DR Congo,"CONGO, DEMOCRATIC REPUBLIC OF THE Outbound SMS - Other",0.2291
CD,DR Congo,"CONGO, DEMOCRATIC REPUBLIC OF THE Outbound SMS - Supercell",0.2291
CD,DR Congo,"CONGO, DEMOCRATIC REPUBLIC OF THE Outbound SMS - Vodacom",0.2291
CF,Central Africa,CENTRAL AFRICAN REPUBLIC Outbound SMS - Moov,0.1218
CF,Central Africa,CENTRAL AFRICAN REPUBLIC Outbound SMS - Nationlink,0.1218
CF,Central Africa,CENTRAL AFRICAN REPUBLIC Outbound SMS - Orange,0.1218
CF,Central Africa,CENTRAL AFRICAN REPUBLIC Outbound SMS - Other,0.1218
CF,Central Africa,CENTRAL AFRICAN REPUBLIC Outbound SMS - Telecel Centrafrique,0.1218
CG,Congo,"CONGO, REPUBLIC OF Outbound SMS - Zain/Celtel",0.2099
CG,Congo,"CONGO, REPUBLIC OF THE Outbound SMS - Airtel",0.2099
CG,Congo,"CONGO, REPUBLIC OF THE Outbound SMS - MTN",0.2099
CG,Congo,"CONGO, REPUBLIC OF THE Outbound SMS - Other",0.2099
CG,Congo,"CONGO, REPUBLIC OF THE Outbound SMS - Warid",0.2099
CH,Switzerland,SWITZERLAND Outbound SMS - Bebbicell,0.0725
CH,Switzerland,SWITZERLAND Outbound SMS - Lycamobile,0.0725
CH,Switzerland,SWITZERLAND Outbound SMS - Orange,0.0725
CH,Switzerland,SWITZERLAND Outbound SMS - Other,0.0725
CH,Switzerland,SWITZERLAND Outbound SMS - Sunrise,0.0725
CH,Switzerland,SWITZERLAND Outbound SMS - Swisscom,0.0725
CH,Switzerland,SWITZERLAND Outbound SMS - Tele2,0.0725
CH,Switzerland,SWITZERLAND Outbound SMS - UPC Cablecom,0.0725
CH,Switzerland,SWITZERLAND Outbound SMS - in&phone,0.0725
CI,Ivory Coast,IVORY COAST Outbound SMS - GreenN,0.1996
CI,Ivory Coast,IVORY COAST Outbound SMS - Koz,0.1996
CI,Ivory Coast,IVORY COAST Outbound SMS - MTN,0.1996
CI,Ivory Coast,IVORY COAST Outbound SMS - Moov,0.1996
CI,Ivory Coast,IVORY COAST Outbound SMS - Orange,0.1996
CI,Ivory Coast,IVORY COAST Outbound SMS - Other,0.1996
CK,Cook Islands,COOK ISLANDS Outbound SMS - Other,0.1396
CK,Cook Islands,COOK ISLANDS Outbound SMS - Telecom,0.1396
CL,Chile,CHILE Outbound SMS - Claro,0.0684
CL,Chile,CHILE Outbound SMS - Entel,0.0684
CL,Chile,CHILE Outbound SMS - Netline Telefonica Movil Ltda,0.0684
CL,Chile,CHILE Outbound SMS - Nextel,0.0684
CL,Chile,CHILE Outbound SMS - Other,0.0684
CL,Chile,CHILE Outbound SMS - Tribe Mobile,0.0684
CL,Chile,CHILE Outbound SMS - VTR Movil,0.0684
CL,Chile,CHILE Outbound SMS - WILL TelefonÃ­a,0.0684
CL,Chile,CHILE Outbound SMS - movistar,0.0684
CM,Cameroon,CAMEROON Outbound SMS - MTN,0.1464
CM,Cameroon,CAMEROON Outbound SMS - Nextel,0.1464
CM,Cameroon,CAMEROON Outbound SMS - Orange,0.1464
CM,Cameroon,CAMEROON Outbound SMS - Other,0.1464
CN,China,CHINA Outbound SMS - China Mobile,0.0386
CN,China,CHINA Outbound SMS - China Telecom,0.0386
CN,China,CHINA Outbound SMS - China Unicom,0.0386
CN,China,CHINA Outbound SMS - Other,0.0386
CO,Colombia,COLOMBIA Outbound SMS - Avantel SAS,0.0525
CO,Colombia,COLOMBIA Outbound SMS - Claro,0.0525
CO,Colombia,COLOMBIA Outbound SMS - Empresa de Telecomunicaciones de Bogota (eTb),0.0525
CO,Colombia,COLOMBIA Outbound SMS - Other,0.0525
CO,Colombia,COLOMBIA Outbound SMS - Tigo,0.0525
CO,Colombia,COLOMBIA Outbound SMS - movistar,0.0525
CR,Costa Rica,COSTA RICA Outbound SMS - Claro,0.042
CR,Costa Rica,COSTA RICA Outbound SMS - Kolbi,0.042
CR,Costa Rica,COSTA RICA Outbound SMS - Other,0.042
CR,Costa Rica,COSTA RICA Outbound SMS - Virtualis,0.042
CR,Costa Rica,COSTA RICA Outbound SMS - movistar,0.042
CU,Cuba,CUBA Outbound SMS - Cubacel,0.084
CU,Cuba,CUBA Outbound SMS - Other,0.084
CV,Cape Verde,CAPE VERDE Outbound SMS - CV Movel,0.2239
CV,Cape Verde,CAPE VERDE Outbound SMS - Other,0.2239
CV,Cape Verde,CAPE VERDE Outbound SMS - T+,0.2239
CY,Cyprus,CYPRUS Outbound SMS - Cyta Mobile-Vodafone,0.0864
CY,Cyprus,CYPRUS Outbound SMS - Lemontel Mobile,0.0864
CY,Cyprus,CYPRUS Outbound SMS - MTN,0.0864
CY,Cyprus,CYPRUS Outbound SMS - Other,0.0864
CY,Cyprus,CYPRUS Outbound SMS - PrimeTel,0.0864
CZ,Czech Republic,CZECH REPUBLIC Outbound SMS - O2,0.0601
CZ,Czech Republic,CZECH REPUBLIC Outbound SMS - Other,0.0601
CZ,Czech Republic,CZECH REPUBLIC Outbound SMS - T-Mobile,0.0601
CZ,Czech Republic,CZECH REPUBLIC Outbound SMS - U:fon,0.0601
CZ,Czech Republic,CZECH REPUBLIC Outbound SMS - Vodafone,0.0601
DE,Germany,GERMANY Outbound SMS - E-Plus,0.094
DE,Germany,GERMANY Outbound SMS - O2,0.094
DE,Germany,GERMANY Outbound SMS - Other,0.094
DE,Germany,GERMANY Outbound SMS - Sipgate,0.094
DE,Germany,GERMANY Outbound SMS - Telekom,0.094
DE,Germany,GERMANY Outbound SMS - Vodafone,0.094
DJ,Djibouti,DJIBOUTI Outbound SMS - Evatis,0.1624
DJ,Djibouti,DJIBOUTI Outbound SMS - Other,0.1624
DK,Denmark,DENMARK Outbound SMS - 3,0.0524
DK,Denmark,DENMARK Outbound SMS - Lycamobile,0.0524
DK,Denmark,DENMARK Outbound SMS - MACH Connectivity,0.0524
DK,Denmark,DENMARK Outbound SMS - Other,0.0524
DK,Denmark,DENMARK Outbound SMS - TDC,0.0524
DK,Denmark,DENMARK Outbound SMS - Telenor,0.0524
DK,Denmark,DENMARK Outbound SMS - Telia,0.0524
DK,Denmark,DENMARK Outbound SMS - Vectone Mobile (Mundio Mobile),0.0524
DM,Dominica,DOMINICA Outbound SMS - Digicel,0.1768
DM,Dominica,DOMINICA Outbound SMS - LIME,0.1768
DM,Dominica,DOMINICA Outbound SMS - Other,0.1768
DO,Dominican Republic,DOMINICAN REPUBLIC Outbound SMS - Claro,0.0815
DO,Dominican Republic,DOMINICAN REPUBLIC Outbound SMS - Orange,0.0815
DO,Dominican Republic,DOMINICAN REPUBLIC Outbound SMS - Other,0.0815
DO,Dominican Republic,DOMINICAN REPUBLIC Outbound SMS - Viva,0.0815
DZ,Algeria,ALGERIA Outbound SMS - Djezzy,0.2575
DZ,Algeria,ALGERIA Outbound SMS - Mobilis,0.2575
DZ,Algeria,ALGERIA Outbound SMS - Nedjma,0.2575
DZ,Algeria,ALGERIA Outbound SMS - Other,0.2575
EC,Ecuador,ECUADOR Outbound SMS - Alegro,0.181
EC,Ecuador,ECUADOR Outbound SMS - Conecel,0.181
EC,Ecuador,ECUADOR Outbound SMS - Other,0.181
EC,Ecuador,ECUADOR Outbound SMS - movistar,0.181
EE,Estonia,ESTONIA Outbound SMS - EMT,0.0958
EE,Estonia,ESTONIA Outbound SMS - Elisa,0.0958
EE,Estonia,ESTONIA Outbound SMS - Other,0.0958
EE,Estonia,ESTONIA Outbound SMS - Tele2,0.0958
EG,Egypt,EGYPT Outbound SMS - Etisalat,0.2777
EG,Egypt,EGYPT Outbound SMS - Mobinil,0.2777
EG,Egypt,EGYPT Outbound SMS - Other,0.2777
EG,Egypt,EGYPT Outbound SMS - Vodafone,0.2777
ER,Eritrea,ERITREA Outbound SMS - Eritel,0.1166
ES,Spain,SPAIN Outbound SMS - BT,0.0875
ES,Spain,SPAIN Outbound SMS - Barablu,0.0875
ES,Spain,SPAIN Outbound SMS - Cableuropa,0.0875
ES,Spain,SPAIN Outbound SMS - DigiMobil,0.0875
ES,Spain,SPAIN Outbound SMS - Euskaltel,0.0875
ES,Spain,SPAIN Outbound SMS - Flamatel,0.0875
ES,Spain,SPAIN Outbound SMS - Jazztel,0.0875
ES,Spain,SPAIN Outbound SMS - Lleida,0.0875
ES,Spain,SPAIN Outbound SMS - Lycamobile,0.0875
ES,Spain,SPAIN Outbound SMS - Mobil R,0.0875
ES,Spain,SPAIN Outbound SMS - Movistar,0.0875
ES,Spain,SPAIN Outbound SMS - Orange,0.0875
ES,Spain,SPAIN Outbound SMS - Other,0.0875
ES,Spain,SPAIN Outbound SMS - Simyo,0.0875
ES,Spain,SPAIN Outbound SMS - Telecable,0.0875
ES,Spain,SPAIN Outbound SMS - Truphone,0.0875
ES,Spain,SPAIN Outbound SMS - Tuenti,0.0875
ES,Spain,SPAIN Outbound SMS - Vodafone,0.0875
ES,Spain,SPAIN Outbound SMS - Yoigo,0.0875
ES,Spain,SPAIN Outbound SMS - fonYou,0.0875
ET,Ethiopia,ETHIOPIA Outbound SMS - ETH-MTN,0.3425
ET,Ethiopia,ETHIOPIA Outbound SMS - Other,0.3425
FI,Finland,ALAND ISLANDS Outbound SMS - Nokia,0.0861
FI,Finland,FINLAND Outbound SMS - Alands Mobiltelefon,0.0861
FI,Finland,FINLAND Outbound SMS - DNA,0.0861
FI,Finland,FINLAND Outbound SMS - Elisa,0.0861
FI,Finland,FINLAND Outbound SMS - Other,0.0861
FI,Finland,FINLAND Outbound SMS - Saunalahti,0.0861
FI,Finland,FINLAND Outbound SMS - Sonera,0.0861
FJ,Fiji,FIJI Outbound SMS - Digicel,0.1651
FJ,Fiji,FIJI Outbound SMS - Other,0.1651
FJ,Fiji,FIJI Outbound SMS - Vodafone,0.1651
FK,Falkland Islands,FALKLAND ISLANDS Outbound SMS - Other,0.136
FK,Falkland Islands,FALKLAND ISLANDS Outbound SMS - Touch,0.136
FM,Micronesia,MICRONESIA Outbound SMS - FSM Telecommunication Corporation,0.0735
FO,Faroe Islands,FAROE ISLANDS Outbound SMS - Faroese Telecom,0.0676
FO,Faroe Islands,FAROE ISLANDS Outbound SMS - Other,0.0676
FO,Faroe Islands,FAROE ISLANDS Outbound SMS - Vodafone,0.0676
FR,France,FRANCE Outbound SMS - Bouygues Telecom,0.0798
FR,France,FRANCE Outbound SMS - Completel,0.0798
FR,France,FRANCE Outbound SMS - Free Mobile,0.0798
FR,France,FRANCE Outbound SMS - LEGOS,0.0798
FR,France,FRANCE Outbound SMS - Lycamobile,0.0798
FR,France,FRANCE Outbound SMS - MobiquiThings,0.0798
FR,France,FRANCE Outbound SMS - Mundio Mobile,0.0798
FR,France,FRANCE Outbound SMS - NRJ Mobile,0.0798
FR,France,FRANCE Outbound SMS - Orange,0.0798
FR,France,FRANCE Outbound SMS - Other,0.0798
FR,France,FRANCE Outbound SMS - SFR,0.0798
FR,France,FRANCE Outbound SMS - Transatel,0.0798
FR,France,FRANCE Outbound SMS - Virgin Mobile,0.0798
GA,Gabon,GABON Outbound SMS - Airtel,0.2634
GA,Gabon,GABON Outbound SMS - Azur,0.2634
GA,Gabon,GABON Outbound SMS - Libertis,0.2634
GA,Gabon,GABON Outbound SMS - Moov,0.2634
GA,Gabon,GABON Outbound SMS - Other,0.2634
GB,United Kingdom,GUERNSEY Outbound SMS - Airtel-Vodafone,0.0463
GB,United Kingdom,GUERNSEY Outbound SMS - Wave,0.0463
GB,United Kingdom,JERSEY Outbound SMS - Sure Mobile,0.0463
GB,United Kingdom,UNITED KINGDOM Outbound SMS - 3,0.0463
GB,United Kingdom,UNITED KINGDOM Outbound SMS - Everything Everywhere,0.0463
GB,United Kingdom,UNITED KINGDOM Outbound SMS - Limitless Mobile,0.0463
GB,United Kingdom,UNITED KINGDOM Outbound SMS - Lleida.net,0.0463
GB,United Kingdom,UNITED KINGDOM Outbound SMS - Marathon Telecom,0.0463
GB,United Kingdom,UNITED KINGDOM Outbound SMS - O2,0.0463
GB,United Kingdom,UNITED KINGDOM Outbound SMS - Orange,0.0463
GB,United Kingdom,UNITED KINGDOM Outbound SMS - Other,0.0463
GB,United Kingdom,UNITED KINGDOM Outbound SMS - SSE Energy Supply,0.0463
GB,United Kingdom,UNITED KINGDOM Outbound SMS - Sky UK Limited,0.0463
GB,United Kingdom,UNITED KINGDOM Outbound SMS - T-Mobile,0.0463
GB,United Kingdom,UNITED KINGDOM Outbound SMS - Teleena,0.0463
GB,United Kingdom,UNITED KINGDOM Outbound SMS - Vectofone Mobile,0.0463
GB,United Kingdom,UNITED KINGDOM Outbound SMS - Virgin,0.0463
GB,United Kingdom,UNITED KINGDOM Outbound SMS - Vodafone,0.0463
GD,Grenada,GRENADA Outbound SMS - Digicel,0.193
GD,Grenada,GRENADA Outbound SMS - LIME,0.193
GD,Grenada,GRENADA Outbound SMS - Other,0.193
GE,Georgia,ABKHAZIA Outbound SMS - A-Mobile,0.1589
GE,Georgia,ABKHAZIA Outbound SMS - Aquafon,0.1589
GE,Georgia,GEORGIA Outbound SMS - Beeline,0.1589
GE,Georgia,GEORGIA Outbound SMS - Geocell,0.1589
GE,Georgia,GEORGIA Outbound SMS - Magti GSM,0.1589
GE,Georgia,GEORGIA Outbound SMS - Other,0.1589
GE,Georgia,GEORGIA Outbound SMS - Silknet,0.1589
GF,French Guiana,FRENCH GUIANA Outbound SMS - Digicel,0.1842
GF,French Guiana,FRENCH GUIANA Outbound SMS - Orange Caribe,0.1842
GF,French Guiana,FRENCH GUIANA Outbound SMS - Other,0.1842
GH,Ghana,GHANA Outbound SMS - Airtel,0.1889
GH,Ghana,GHANA Outbound SMS - Expresso Telecom,0.1889
GH,Ghana,GHANA Outbound SMS - Glo,0.1889
GH,Ghana,GHANA Outbound SMS - MTN,0.1889
GH,Ghana,GHANA Outbound SMS - Other,0.1889
GH,Ghana,GHANA Outbound SMS - Tigo,0.1889
GH,Ghana,GHANA Outbound SMS - Vodafone,0.1889
GI,Gibraltar,GIBRALTAR Outbound SMS - CTS,0.1091
GI,Gibraltar,GIBRALTAR Outbound SMS - Gibtel,0.1091
GI,Gibraltar,GIBRALTAR Outbound SMS - Other,0.1091
GL,Greenland,GREENLAND Outbound SMS - Other,0.041
GL,Greenland,GREENLAND Outbound SMS - TELE Greenland,0.041
GM,Gambia,GAMBIA Outbound SMS - Africell,0.166
GM,Gambia,GAMBIA Outbound SMS - Comium,0.166
GM,Gambia,GAMBIA Outbound SMS - Gamtel,0.166
GM,Gambia,GAMBIA Outbound SMS - Other,0.166
GM,Gambia,GAMBIA Outbound SMS - Qcell,0.166
GN,Guinea,GUINEA Outbound SMS - Areeba,0.1517
GN,Guinea,GUINEA Outbound SMS - Cellcom,0.1517
GN,Guinea,GUINEA Outbound SMS - Intercel,0.1517
GN,Guinea,GUINEA Outbound SMS - Orange,0.1517
GN,Guinea,GUINEA Outbound SMS - Other,0.1517
GN,Guinea,GUINEA Outbound SMS - Other Unused,0.1517
GN,Guinea,GUINEA Outbound SMS - Sotelgui,0.1517
GP,Guadeloupe,GUADELOUPE Outbound SMS - Dauphin,0.135
GP,Guadeloupe,GUADELOUPE Outbound SMS - Telcell,0.135
GQ,Equatorial Guinea,EQUATORIAL GUINEA Outbound SMS - Hits Africa,0.1729
GQ,Equatorial Guinea,EQUATORIAL GUINEA Outbound SMS - Orange,0.1729
GQ,Equatorial Guinea,EQUATORIAL GUINEA Outbound SMS - Other,0.1729
GR,Greece,GREECE Outbound SMS - Cosmote,0.062
GR,Greece,GREECE Outbound SMS - CyTa,0.062
GR,Greece,GREECE Outbound SMS - Other,0.062
GR,Greece,GREECE Outbound SMS - Vodafone,0.062
GR,Greece,GREECE Outbound SMS - Wind,0.062
GT,Guatemala,GUATEMALA Outbound SMS - Claro,0.1698
GT,Guatemala,GUATEMALA Outbound SMS - Other,0.1698
GT,Guatemala,GUATEMALA Outbound SMS - Tigo,0.1698
GT,Guatemala,GUATEMALA Outbound SMS - movistar,0.1698
GU,Guam,GUAM & NORTHERN MARIANA ISLANDS Outbound SMS - Docomo Pacific,0.0687
GU,Guam,GUAM & NORTHERN MARIANA ISLANDS Outbound SMS - IT&E,0.0687
GU,Guam,GUAM & NORTHERN MARIANA ISLANDS Outbound SMS - MPULSE,0.0687
GW,Guinea-Bissau,GUINEA-BISSAU Outbound SMS - MTN,0.1764
GW,Guinea-Bissau,GUINEA-BISSAU Outbound SMS - Orange,0.1764
GY,Guyana,GUYANA Outbound SMS - Cellink Plus,0.1787
GY,Guyana,GUYANA Outbound SMS - Digicel,0.1787
GY,Guyana,GUYANA Outbound SMS - Other,0.1787
HK,Hong Kong,HONG KONG Outbound SMS - 21Vianet Mobile Ltd,0.0682
HK,Hong Kong,HONG KONG Outbound SMS - 3,0.0682
HK,Hong Kong,HONG KONG Outbound SMS - CHKTL,0.0682
HK,Hong Kong,HONG KONG Outbound SMS - CITIC Telecom,0.0682
HK,Hong Kong,HONG KONG Outbound SMS - CMMobile,0.0682
HK,Hong Kong,HONG KONG Outbound SMS - CSL,0.0682
HK,Hong Kong,HONG KONG Outbound SMS - China Mobile Hong Kong,0.0682
HK,Hong Kong,HONG KONG Outbound SMS - Other,0.0682
HK,Hong Kong,HONG KONG Outbound SMS - PCCW Mobile,0.0682
HK,Hong Kong,HONG KONG Outbound SMS - SmarTone,0.0682
HK,Hong Kong,HONG KONG Outbound SMS - Trident Telecom Ventures Ltd,0.0682
HN,Honduras,HONDURAS Outbound SMS - Claro,0.0847
HN,Honduras,HONDURAS Outbound SMS - Digicel,0.0847
HN,Honduras,HONDURAS Outbound SMS - Hondutel,0.0847
HN,Honduras,HONDURAS Outbound SMS - Other,0.0847
HN,Honduras,HONDURAS Outbound SMS - Tigo,0.0847
HR,Croatia,CROATIA Outbound SMS - Other,0.0915
HR,Croatia,CROATIA Outbound SMS - T-Mobile,0.0915
HR,Croatia,CROATIA Outbound SMS - Tele2,0.0915
HR,Croatia,CROATIA Outbound SMS - Vip,0.0915
HT,Haiti,HAITI Outbound SMS - Digicel,0.2356
HT,Haiti,HAITI Outbound SMS - Natcom,0.2356
HT,Haiti,HAITI Outbound SMS - Other,0.2356
HU,Hungary,HUNGARY Outbound SMS - Other,0.091
HU,Hungary,HUNGARY Outbound SMS - T-Mobile,0.091
HU,Hungary,HUNGARY Outbound SMS - Telenor,0.091
HU,Hungary,HUNGARY Outbound SMS - UPC Hungary,0.091
HU,Hungary,HUNGARY Outbound SMS - Vodafone,0.091
ID,Indonesia,INDONESIA Outbound SMS - 3,0.4414
ID,Indonesia,INDONESIA Outbound SMS - Ceria Mobile,0.4414
ID,Indonesia,INDONESIA Outbound SMS - Indosat,0.4414
ID,Indonesia,INDONESIA Outbound SMS - Other,0.4414
ID,Indonesia,INDONESIA Outbound SMS - Smartfren,0.4414
ID,Indonesia,INDONESIA Outbound SMS - Telkomsel,0.4414
ID,Indonesia,INDONESIA Outbound SMS - XL Axiata,0.4414
IE,Ireland,IRELAND Outbound SMS - 3,0.0735
IE,Ireland,IRELAND Outbound SMS - Carphone Warehouse,0.0735
IE,Ireland,IRELAND Outbound SMS - LIffey Telecom,0.0735
IE,Ireland,IRELAND Outbound SMS - Meteor,0.0735
IE,Ireland,IRELAND Outbound SMS - O2,0.0735
IE,Ireland,IRELAND Outbound SMS - Other,0.0735
IE,Ireland,IRELAND Outbound SMS - UPC Mobile,0.0735
IE,Ireland,IRELAND Outbound SMS - Vodafone,0.0735
IL,Israel,ISRAEL Outbound SMS - Azi Communications,0.1739
IL,Israel,ISRAEL Outbound SMS - Beezz,0.1739
IL,Israel,ISRAEL Outbound SMS - Cellcom,0.1739
IL,Israel,ISRAEL Outbound SMS - Golan Telecom,0.1739
IL,Israel,ISRAEL Outbound SMS - Hot Mobile,0.1739
IL,Israel,ISRAEL Outbound SMS - Orange,0.1739
IL,Israel,ISRAEL Outbound SMS - Other,0.1739
IL,Israel,ISRAEL Outbound SMS - Pelephone,0.1739
IN,India,INDIA Outbound SMS - Aircel,0.0832
IN,India,INDIA Outbound SMS - Airtel,0.0832
IN,India,INDIA Outbound SMS - BSNL,0.0832
IN,India,INDIA Outbound SMS - Etisalat DB Telecom,0.0832
IN,India,INDIA Outbound SMS - Idea Cellular,0.0832
IN,India,INDIA Outbound SMS - Loop Mobile,0.0832
IN,India,INDIA Outbound SMS - MTNL,0.0832
IN,India,INDIA Outbound SMS - MTS,0.0832
IN,India,INDIA Outbound SMS - Other,0.0832
IN,India,INDIA Outbound SMS - Ping Mobile,0.0832
IN,India,INDIA Outbound SMS - Reliance,0.0832
IN,India,INDIA Outbound SMS - S Tel,0.0832
IN,India,INDIA Outbound SMS - Tata DoCoMo,0.0832
IN,India,INDIA Outbound SMS - Tata indicom,0.0832
IN,India,INDIA Outbound SMS - Uninor,0.0832
IN,India,INDIA Outbound SMS - Videocon,0.0832
IN,India,INDIA Outbound SMS - Vodafone India,0.0832
IQ,Iraq,IRAQ Outbound SMS - Asia Cell,0.3401
IQ,Iraq,IRAQ Outbound SMS - High Link,0.3401
IQ,Iraq,IRAQ Outbound SMS - IraqCell,0.3401
IQ,Iraq,IRAQ Outbound SMS - Itisaluna,0.3401
IQ,Iraq,IRAQ Outbound SMS - Korek,0.3401
IQ,Iraq,IRAQ Outbound SMS - Mobitel,0.3401
IQ,Iraq,IRAQ Outbound SMS - Other,0.3401
IQ,Iraq,IRAQ Outbound SMS - Zain,0.3401
IR,Iran,IRAN Outbound SMS - MCI,0.3534
IR,Iran,IRAN Outbound SMS - MTCE,0.3534
IR,Iran,IRAN Outbound SMS - MTN Irancell,0.3534
IR,Iran,IRAN Outbound SMS - Other,0.3534
IR,Iran,IRAN Outbound SMS - Rightel,0.3534
IR,Iran,IRAN Outbound SMS - TKC,0.3534
IR,Iran,IRAN Outbound SMS - Taliya,0.3534
IS,Iceland,ICELAND Outbound SMS - IceCell,0.0661
IS,Iceland,ICELAND Outbound SMS - Nova,0.0661
IS,Iceland,ICELAND Outbound SMS - On-waves,0.0661
IS,Iceland,ICELAND Outbound SMS - Other,0.0661
IS,Iceland,ICELAND Outbound SMS - Siminn,0.0661
IS,Iceland,ICELAND Outbound SMS - Viking Wireless,0.0661
IS,Iceland,ICELAND Outbound SMS - Vodafone,0.0661
IT,Italy,ITALY Outbound SMS - British Telecom Italia,0.0927
IT,Italy,ITALY Outbound SMS - Digi Mobil,0.0927
IT,Italy,ITALY Outbound SMS - Elsacom,0.0927
IT,Italy,ITALY Outbound SMS - Hi3G,0.0927
IT,Italy,ITALY Outbound SMS - Iliad,0.0927
IT,Italy,ITALY Outbound SMS - Intermatica,0.0927
IT,Italy,ITALY Outbound SMS - Lycamobile,0.0927
IT,Italy,ITALY Outbound SMS - Noverca,0.0927
IT,Italy,ITALY Outbound SMS - Other,0.0927
IT,Italy,ITALY Outbound SMS - Rete Ferroviaria Italiana,0.0927
IT,Italy,ITALY Outbound SMS - TIM,0.0927
IT,Italy,ITALY Outbound SMS - VEI s.r.l.,0.0927
IT,Italy,ITALY Outbound SMS - Vodafone,0.0927
IT,Italy,ITALY Outbound SMS - Wind,0.0927
JM,Jamaica,JAMAICA Outbound SMS - Digicel,0.2031
JM,Jamaica,JAMAICA Outbound SMS - LIME,0.2031
JM,Jamaica,JAMAICA Outbound SMS - Other,0.2031
JO,Jordan,JORDAN Outbound SMS - Orange,0.2726
JO,Jordan,JORDAN Outbound SMS - Other,0.2726
JO,Jordan,JORDAN Outbound SMS - Umniah,0.2726
JO,Jordan,JORDAN Outbound SMS - Xpress,0.2726
JO,Jordan,JORDAN Outbound SMS - Zain,0.2726
JP,Japan,JAPAN Outbound SMS - EMOBILE,0.084
JP,Japan,JAPAN Outbound SMS - KDDI,0.084
JP,Japan,JAPAN Outbound SMS - NTT docomo,0.084
JP,Japan,JAPAN Outbound SMS - Other,0.084
JP,Japan,JAPAN Outbound SMS - Rakuten,0.084
JP,Japan,JAPAN Outbound SMS - SoftBank Mobile,0.084
KE,Kenya,KENYA Outbound SMS - Airtel,0.1304
KE,Kenya,KENYA Outbound SMS - Orange,0.1304
KE,Kenya,KENYA Outbound SMS - Other,0.1304
KE,Kenya,KENYA Outbound SMS - Safaricom,0.1304
KG,Kyrgyzstan,KYRGYZSTAN Outbound SMS - Beeline,0.3178
KG,Kyrgyzstan,KYRGYZSTAN Outbound SMS - MegaCom,0.3178
KG,Kyrgyzstan,KYRGYZSTAN Outbound SMS - O!,0.3178
KG,Kyrgyzstan,KYRGYZSTAN Outbound SMS - Other,0.3178
KH,Cambodia,CAMBODIA Outbound SMS - Beeline,0.1705
KH,Cambodia,CAMBODIA Outbound SMS - Cootel,0.1705
KH,Cambodia,CAMBODIA Outbound SMS - Metfone,0.1705
KH,Cambodia,CAMBODIA Outbound SMS - Mfone,0.1705
KH,Cambodia,CAMBODIA Outbound SMS - MobiTel,0.1705
KH,Cambodia,CAMBODIA Outbound SMS - Other,0.1705
KH,Cambodia,CAMBODIA Outbound SMS - Seatel,0.1705
KH,Cambodia,CAMBODIA Outbound SMS - Smart Mobile,0.1705
KH,Cambodia,CAMBODIA Outbound SMS - Star Cell,0.1705
KH,Cambodia,CAMBODIA Outbound SMS - qb,0.1705
KI,Kiribati,KIRIBATI Outbound SMS - Frigate Net,0.1455
KI,Kiribati,KIRIBATI Outbound SMS - TSKL,0.1455
KM,Comoros,COMOROS Outbound SMS - HURI,0.3119
KM,Comoros,COMOROS Outbound SMS - Other,0.3119
KN,St Kitts and Nevis,ST KITTS AND NEVIS Outbound SMS - UTS,0.111
KN,St Kitts and Nevis,ST. KITTS & NEVIS Outbound SMS - Digicel,0.111
KN,St Kitts and Nevis,ST. KITTS & NEVIS Outbound SMS - LIME,0.111
KN,St Kitts and Nevis,ST. KITTS & NEVIS Outbound SMS - Other,0.111
KR,Korea Republic of,SOUTH KOREA Outbound SMS - KT,0.0494
KR,Korea Republic of,SOUTH KOREA Outbound SMS - Korea Cable Telecom,0.0494
KR,Korea Republic of,SOUTH KOREA Outbound SMS - LG U+,0.0494
KR,Korea Republic of,SOUTH KOREA Outbound SMS - Other,0.0494
KR,Korea Republic of,SOUTH KOREA Outbound SMS - SK Telecom,0.0494
KR,Korea Republic of,SOUTH KOREA Outbound SMS - olleh KT,0.0494
KW,Kuwait,KUWAIT Outbound SMS - Other,0.2581
KW,Kuwait,KUWAIT Outbound SMS - VIVA,0.2581
KW,Kuwait,KUWAIT Outbound SMS - Wataniya,0.2581
KW,Kuwait,KUWAIT Outbound SMS - Zain,0.2581
KY,Cayman Islands,CAYMAN ISLANDS Outbound SMS - Digicel,0.1652
KY,Cayman Islands,CAYMAN ISLANDS Outbound SMS - LIME,0.1652
KY,Cayman Islands,CAYMAN ISLANDS Outbound SMS - Other,0.1652
KZ,Kazakhstan,KAZAKHSTAN Outbound SMS - Beeline,0.2852
KZ,Kazakhstan,KAZAKHSTAN Outbound SMS - Dalacom,0.2852
KZ,Kazakhstan,KAZAKHSTAN Outbound SMS - K-Cell,0.2852
KZ,Kazakhstan,KAZAKHSTAN Outbound SMS - Kazakhtelecom,0.2852
KZ,Kazakhstan,KAZAKHSTAN Outbound SMS - Kodotel,0.2852
KZ,Kazakhstan,KAZAKHSTAN Outbound SMS - Other,0.2852
KZ,Kazakhstan,KAZAKHSTAN Outbound SMS - Rostelecom,0.2852
KZ,Kazakhstan,KAZAKHSTAN Outbound SMS - Tele2,0.2852
LA,Laos PDR,LAOS Outbound SMS - Beeline,0.0954
LA,Laos PDR,LAOS Outbound SMS - LaoTelecom,0.0954
LA,Laos PDR,LAOS Outbound SMS - Other,0.0954
LA,Laos PDR,LAOS Outbound SMS - Unitel,0.0954
LA,Laos PDR,LAOS PDR Outbound SMS - ETL,0.0954
LB,Lebanon,LEBANON Outbound SMS - Alfa,0.274
LB,Lebanon,LEBANON Outbound SMS - Other,0.274
LB,Lebanon,LEBANON Outbound SMS - mtc touch,0.274
LC,St Lucia,ST. LUCIA Outbound SMS - Digicel,0.1147
LC,St Lucia,ST. LUCIA Outbound SMS - LIME,0.1147
LC,St Lucia,ST. LUCIA Outbound SMS - Other,0.1147
LI,Liechtenstein,LIECHTENSTEIN Outbound SMS - Alpmobil,0.0334
LI,Liechtenstein,LIECHTENSTEIN Outbound SMS - FL1,0.0334
LI,Liechtenstein,LIECHTENSTEIN Outbound SMS - Orange,0.0334
LI,Liechtenstein,LIECHTENSTEIN Outbound SMS - Other,0.0334
LI,Liechtenstein,LIECHTENSTEIN Outbound SMS - Swisscom,0.0334
LK,Sri Lanka,SRI LANKA Outbound SMS - Airtel,0.3962
LK,Sri Lanka,SRI LANKA Outbound SMS - Dialog,0.3962
LK,Sri Lanka,SRI LANKA Outbound SMS - Etisalat,0.3962
LK,Sri Lanka,SRI LANKA Outbound SMS - Hutch,0.3962
LK,Sri Lanka,SRI LANKA Outbound SMS - Mobitel,0.3962
LK,Sri Lanka,SRI LANKA Outbound SMS - Other,0.3962
LR,Liberia,LIBERIA Outbound SMS - Cellcom,0.1375
LR,Liberia,LIBERIA Outbound SMS - Comium,0.1375
LR,Liberia,LIBERIA Outbound SMS - Libercel,0.1375
LR,Liberia,LIBERIA Outbound SMS - Lonestar,0.1375
LR,Liberia,LIBERIA Outbound SMS - Other,0.1375
LS,Lesotho,LESOTHO Outbound SMS - Econet Ezi-Cel,0.204
LS,Lesotho,LESOTHO Outbound SMS - Other,0.204
LS,Lesotho,LESOTHO Outbound SMS - Vodacom,0.204
LT,Lithuania,LITHUANIA Outbound SMS - BITE,0.0545
LT,Lithuania,LITHUANIA Outbound SMS - LitRail,0.0545
LT,Lithuania,LITHUANIA Outbound SMS - Mediafon,0.0545
LT,Lithuania,LITHUANIA Outbound SMS - Omnitel,0.0545
LT,Lithuania,LITHUANIA Outbound SMS - Other,0.0545
LT,Lithuania,LITHUANIA Outbound SMS - Tele 2,0.0545
LU,Luxembourg,LUXEMBOURG Outbound SMS - LuxGSM,0.074
LU,Luxembourg,LUXEMBOURG Outbound SMS - Orange,0.074
LU,Luxembourg,LUXEMBOURG Outbound SMS - Other,0.074
LU,Luxembourg,LUXEMBOURG Outbound SMS - Tango,0.074
LV,Latvia,LATVIA Outbound SMS - Bite,0.0715
LV,Latvia,LATVIA Outbound SMS - Camel Mobile,0.0715
LV,Latvia,LATVIA Outbound SMS - IZZI,0.0715
LV,Latvia,LATVIA Outbound SMS - LMT,0.0715
LV,Latvia,LATVIA Outbound SMS - MTS,0.0715
LV,Latvia,LATVIA Outbound SMS - Other,0.0715
LV,Latvia,LATVIA Outbound SMS - TRIATEL,0.0715
LV,Latvia,LATVIA Outbound SMS - Tele2,0.0715
LY,Libya,LIBYA Outbound SMS - Al Madar,0.3984
LY,Libya,LIBYA Outbound SMS - Libyana,0.3984
LY,Libya,LIBYA Outbound SMS - Other,0.3984
MA,Morocco,MOROCCO Outbound SMS - IAM,0.2244
MA,Morocco,MOROCCO Outbound SMS - Inwi,0.2244
MA,Morocco,MOROCCO Outbound SMS - Medi Telecom,0.2244
MA,Morocco,MOROCCO Outbound SMS - Other,0.2244
MA,Morocco,MOROCCO Outbound SMS - Wana,0.2244
MC,Monaco,MONACO Outbound SMS - Monaco Telecom,0.1856
MC,Monaco,MONACO Outbound SMS - Other,0.1856
MD,Moldova,MOLDOVA Outbound SMS - Moldcell,0.0699
MD,Moldova,MOLDOVA Outbound SMS - Moldtelecom,0.0699
MD,Moldova,MOLDOVA Outbound SMS - Orange,0.0699
MD,Moldova,MOLDOVA Outbound SMS - Other,0.0699
ME,Montenegro,MONTENEGRO Outbound SMS - Other,0.1137
ME,Montenegro,MONTENEGRO Outbound SMS - T-Mobile,0.1137
ME,Montenegro,MONTENEGRO Outbound SMS - Telenor,0.1137
ME,Montenegro,MONTENEGRO Outbound SMS - m:tel,0.1137
MG,Madagascar,MADAGASCAR Outbound SMS - Airtel,0.3728
MG,Madagascar,MADAGASCAR Outbound SMS - Orange,0.3728
MG,Madagascar,MADAGASCAR Outbound SMS - Other,0.3728
MG,Madagascar,MADAGASCAR Outbound SMS - Telma Mobile,0.3728
MH,Marshall Islands,MARSHALL ISLANDS Outbound SMS - NTA,0.1589
MK,Macedonia,MACEDONIA Outbound SMS - Lycamobile,0.0744
MK,Macedonia,MACEDONIA Outbound SMS - ONE,0.0744
MK,Macedonia,MACEDONIA Outbound SMS - Other,0.0744
MK,Macedonia,MACEDONIA Outbound SMS - T-Mobile,0.0744
MK,Macedonia,MACEDONIA Outbound SMS - vip,0.0744
ML,Mali,MALI Outbound SMS - Malitel,0.2227
ML,Mali,MALI Outbound SMS - Orange,0.2227
ML,Mali,MALI Outbound SMS - Other,0.2227
ML,Mali,MALI Outbound SMS - Telecel,0.2227
MM,Myanmar,MYANMAR Outbound SMS - MPT,0.2829
MM,Myanmar,MYANMAR Outbound SMS - MyTel,0.2829
MM,Myanmar,MYANMAR Outbound SMS - Ooredoo,0.2829
MM,Myanmar,MYANMAR Outbound SMS - Other,0.2829
MM,Myanmar,MYANMAR Outbound SMS - Telenor,0.2829
MN,Mongolia,MONGOLIA Outbound SMS - G Mobile,0.279
MN,Mongolia,MONGOLIA Outbound SMS - Mobicom,0.279
MN,Mongolia,MONGOLIA Outbound SMS - Other,0.279
MN,Mongolia,MONGOLIA Outbound SMS - Skytel,0.279
MN,Mongolia,MONGOLIA Outbound SMS - Unitel,0.279
MO,Macao,MACAU Outbound SMS - 3,0.059
MO,Macao,MACAU Outbound SMS - CTM,0.059
MO,Macao,MACAU Outbound SMS - Other,0.059
MO,Macao,MACAU Outbound SMS - SmarTone,0.059
MQ,Martinique,MARTINIQUE Outbound SMS - Digicel,0.132
MQ,Martinique,MARTINIQUE Outbound SMS - Orange,0.132
MQ,Martinique,MARTINIQUE Outbound SMS - Other,0.132
MQ,Martinique,MARTINIQUE Outbound SMS - Outremer,0.132
MR,Mauritania,MAURITANIA Outbound SMS - Chinguitel,0.2583
MR,Mauritania,MAURITANIA Outbound SMS - MATTEL,0.2583
MR,Mauritania,MAURITANIA Outbound SMS - Mauritel,0.2583
MR,Mauritania,MAURITANIA Outbound SMS - Other,0.2583
MS,Montserrat,MONTSERRAT Outbound SMS - LIME,0.11
MS,Montserrat,MONTSERRAT Outbound SMS - Other,0.11
MT,Malta,MALTA Outbound SMS - GO,0.065
MT,Malta,MALTA Outbound SMS - Melita,0.065
MT,Malta,MALTA Outbound SMS - Other,0.065
MT,Malta,MALTA Outbound SMS - Vodafone,0.065
MU,Mauritius,MAURITIUS Outbound SMS - CHiLi,0.1597
MU,Mauritius,MAURITIUS Outbound SMS - Emtel,0.1597
MU,Mauritius,MAURITIUS Outbound SMS - Orange,0.1597
MU,Mauritius,MAURITIUS Outbound SMS - Other,0.1597
MV,Maldives,MALDIVES Outbound SMS - Dhiraagu,0.1771
MV,Maldives,MALDIVES Outbound SMS - Other,0.1771
MV,Maldives,MALDIVES Outbound SMS - Wataniya,0.1771
MW,Malawi,MALAWI Outbound SMS - Airtel,0.2699
MW,Malawi,MALAWI Outbound SMS - Other,0.2699
MW,Malawi,MALAWI Outbound SMS - TNM,0.2699
MX,Mexico,MEXICO Outbound SMS - AT&T ,0.1079
MX,Mexico,MEXICO Outbound SMS - Other,0.1079
MX,Mexico,MEXICO Outbound SMS - Telcel,0.1079
MX,Mexico,MEXICO Outbound SMS - movistar,0.1079
MY,Malaysia,MALAYSIA Outbound SMS - Baraka Telecom,0.2118
MY,Malaysia,MALAYSIA Outbound SMS - Celcom,0.2118
MY,Malaysia,MALAYSIA Outbound SMS - DiGi,0.2118
MY,Malaysia,MALAYSIA Outbound SMS - Maxis,0.2118
MY,Malaysia,MALAYSIA Outbound SMS - Other,0.2118
MY,Malaysia,MALAYSIA Outbound SMS - Packet One,0.2118
MY,Malaysia,MALAYSIA Outbound SMS - Samata Communications,0.2118
MY,Malaysia,MALAYSIA Outbound SMS - Telekom Malaysia,0.2118
MY,Malaysia,MALAYSIA Outbound SMS - Tron,0.2118
MY,Malaysia,MALAYSIA Outbound SMS - Tune Talk,0.2118
MY,Malaysia,MALAYSIA Outbound SMS - U Mobile,0.2118
MY,Malaysia,MALAYSIA Outbound SMS - Yes 4G,0.2118
MZ,Mozambique,MOZAMBIQUE Outbound SMS - Movitel,0.1855
MZ,Mozambique,MOZAMBIQUE Outbound SMS - Other,0.1855
MZ,Mozambique,MOZAMBIQUE Outbound SMS - Vodacom,0.1855
MZ,Mozambique,MOZAMBIQUE Outbound SMS - mCel,0.1855
NA,Namibia,NAMIBIA Outbound SMS - MTC,0.0626
NA,Namibia,NAMIBIA Outbound SMS - Other,0.0626
NA,Namibia,NAMIBIA Outbound SMS - Telecom Namibia,0.0626
NA,Namibia,NAMIBIA Outbound SMS - leo,0.0626
NC,New Caledonia,NEW CALEDONIA Outbound SMS - Mobilis,0.1761
NC,New Caledonia,NEW CALEDONIA Outbound SMS - Other,0.1761
NE,Niger,NIGER Outbound SMS - Airtel,0.2971
NE,Niger,NIGER Outbound SMS - Moov,0.2971
NE,Niger,NIGER Outbound SMS - Orange,0.2971
NE,Niger,NIGER Outbound SMS - Other,0.2971
NF,Norfolk Island,NORFOLK ISLAND Outbound SMS - Norfolk Telecom,0.02817
NG,Nigeria,NIGERIA Outbound SMS - Airtel,0.2823
NG,Nigeria,NIGERIA Outbound SMS - Capcom,0.2823
NG,Nigeria,NIGERIA Outbound SMS - Etisalat,0.2823
NG,Nigeria,NIGERIA Outbound SMS - Glo Mobile,0.2823
NG,Nigeria,NIGERIA Outbound SMS - MTN,0.2823
NG,Nigeria,NIGERIA Outbound SMS - Nitel,0.2823
NG,Nigeria,NIGERIA Outbound SMS - Other,0.2823
NG,Nigeria,NIGERIA Outbound SMS - Visafone,0.2823
NI,Nicaragua,NICARAGUA Outbound SMS - Claro,0.0841
NI,Nicaragua,NICARAGUA Outbound SMS - Other,0.0841
NI,Nicaragua,NICARAGUA Outbound SMS - movistar,0.0841
NL,Netherlands,NETHERLANDS ANTILLES Outbound SMS - Digicel,0.1164
NL,Netherlands,NETHERLANDS ANTILLES Outbound SMS - Other,0.1164
NL,Netherlands,NETHERLANDS ANTILLES Outbound SMS - Telcell,0.1164
NL,Netherlands,NETHERLANDS ANTILLES Outbound SMS - UTS,0.1164
NL,Netherlands,NETHERLANDS Outbound SMS - 6GMOBILE,0.0966
NL,Netherlands,NETHERLANDS Outbound SMS - AT&T,0.0966
NL,Netherlands,NETHERLANDS Outbound SMS - KPN,0.0966
NL,Netherlands,NETHERLANDS Outbound SMS - Lancelot,0.0966
NL,Netherlands,NETHERLANDS Outbound SMS - Lycamobile,0.0966
NL,Netherlands,NETHERLANDS Outbound SMS - Other,0.0966
NL,Netherlands,NETHERLANDS Outbound SMS - Private Mobility,0.0966
NL,Netherlands,NETHERLANDS Outbound SMS - T-Mobile,0.0966
NL,Netherlands,NETHERLANDS Outbound SMS - TELE2 Mobiel,0.0966
NL,Netherlands,NETHERLANDS Outbound SMS - Teleena,0.0966
NL,Netherlands,NETHERLANDS Outbound SMS - Telfort,0.0966
NL,Netherlands,NETHERLANDS Outbound SMS - UPC Nederland,0.0966
NL,Netherlands,NETHERLANDS Outbound SMS - Vodafone,0.0966
NL,Netherlands,NETHERLANDS Outbound SMS - Voiceworks,0.0966
NL,Netherlands,NETHERLANDS Outbound SMS - Ziggo,0.0966
NO,Norway,NORWAY Outbound SMS - Com4,0.0651
NO,Norway,NORWAY Outbound SMS - Jernbaneverket,0.0651
NO,Norway,NORWAY Outbound SMS - NetCom,0.0651
NO,Norway,NORWAY Outbound SMS - Network Norway,0.0651
NO,Norway,NORWAY Outbound SMS - Other,0.0651
NO,Norway,NORWAY Outbound SMS - TDC,0.0651
NO,Norway,NORWAY Outbound SMS - Tele2,0.0651
NO,Norway,NORWAY Outbound SMS - Telenor,0.0651
NO,Norway,NORWAY Outbound SMS - Teletopia,0.0651
NO,Norway,NORWAY Outbound SMS - ice.net,0.0651
NO,Norway,NORWAY Outbound SMS - ventelo,0.0651
NP,Nepal,NEPAL Outbound SMS - Ncell,0.2192
NP,Nepal,NEPAL Outbound SMS - Nepal Telecom,0.2192
NP,Nepal,NEPAL Outbound SMS - Other,0.2192
NP,Nepal,NEPAL Outbound SMS - Smart Cell,0.2192
NU,Niue,NIUE Outbound SMS - Telecom Niue,0.1928
NZ,New Zealand,NEW ZEALAND Outbound SMS - 2degrees,0.105
NZ,New Zealand,NEW ZEALAND Outbound SMS - Other,0.105
NZ,New Zealand,NEW ZEALAND Outbound SMS - Telecom,0.105
NZ,New Zealand,NEW ZEALAND Outbound SMS - Vodafone,0.105
NZ,New Zealand,NEW ZEALAND Outbound SMS - Woosh,0.105
OM,Oman,OMAN Outbound SMS - Nawras,0.1429
OM,Oman,OMAN Outbound SMS - Oman Mobile,0.1429
OM,Oman,OMAN Outbound SMS - Other,0.1429
PA,Panama,PANAMA Outbound SMS - Claro,0.1732
PA,Panama,PANAMA Outbound SMS - Digicel,0.1732
PA,Panama,PANAMA Outbound SMS - Mas Movil,0.1732
PA,Panama,PANAMA Outbound SMS - Other,0.1732
PA,Panama,PANAMA Outbound SMS - movistar,0.1732
PE,Peru,PERU Outbound SMS - Claro,0.1325
PE,Peru,PERU Outbound SMS - Entel,0.1325
PE,Peru,PERU Outbound SMS - Other,0.1325
PE,Peru,PERU Outbound SMS - movistar,0.1325
PE,Peru,Peru Outbound SMS - Viettel,0.1325
PF,French Polynesia,FRENCH POLYNESIA Outbound SMS - Other,0.1797
PF,French Polynesia,FRENCH POLYNESIA Outbound SMS - Pacfic Mobile Telecom,0.1797
PF,French Polynesia,FRENCH POLYNESIA Outbound SMS - VINI,0.1797
PG,Papua New Guinea,PAPUA NEW GUINEA Outbound SMS - Digicel,0.7544
PG,Papua New Guinea,PAPUA NEW GUINEA Outbound SMS - Other,0.7544
PG,Papua New Guinea,PAPUA NEW GUINEA Outbound SMS - bmobile,0.7544
PH,Philippines,PHILIPPINES Outbound SMS - Globe Telecom,0.2001
PH,Philippines,PHILIPPINES Outbound SMS - Other,0.2001
PH,Philippines,PHILIPPINES Outbound SMS - Smart Communications,0.2001
PH,Philippines,PHILIPPINES Outbound SMS - Sun Cellular,0.2001
PK,Pakistan,PAKISTAN Outbound SMS - Mobilink,0.331
PK,Pakistan,PAKISTAN Outbound SMS - Other,0.331
PK,Pakistan,PAKISTAN Outbound SMS - Telenor,0.331
PK,Pakistan,PAKISTAN Outbound SMS - Ufone,0.331
PK,Pakistan,PAKISTAN Outbound SMS - Warid,0.331
PK,Pakistan,PAKISTAN Outbound SMS - ZONG,0.331
PL,Poland,POLAND Outbound SMS - Aero2,0.0431
PL,Poland,POLAND Outbound SMS - Cyfrowy Polsat,0.0431
PL,Poland,POLAND Outbound SMS - Lycamobile,0.0431
PL,Poland,POLAND Outbound SMS - Mobyland,0.0431
PL,Poland,POLAND Outbound SMS - Netia,0.0431
PL,Poland,POLAND Outbound SMS - Nordisk Polska,0.0431
PL,Poland,POLAND Outbound SMS - Orange,0.0431
PL,Poland,POLAND Outbound SMS - Other,0.0431
PL,Poland,POLAND Outbound SMS - Play,0.0431
PL,Poland,POLAND Outbound SMS - Plus,0.0431
PL,Poland,POLAND Outbound SMS - Sferia,0.0431
PL,Poland,POLAND Outbound SMS - T-Mobile,0.0431
PL,Poland,POLAND Outbound SMS - wRodzinie,0.0431
PM,St Pierre and Miquelon,ST PIERRE AND MIQUELON Outbound SMS - Ameris,0.1507
PR,Puerto Rico,PUERTO RICO Outbound SMS - Other,0.042
PR,Puerto Rico,PUERTO RICO Outbound SMS - PR Wireless,0.042
PS,Palestinian Territory,PALESTINE Outbound SMS - Jawwal,0.3869
PS,Palestinian Territory,PALESTINE Outbound SMS - Wataniya,0.3869
PT,Portugal,PORTUGAL Outbound SMS - Lycamobile,0.0473
PT,Portugal,PORTUGAL Outbound SMS - Mundio Mobile,0.0473
PT,Portugal,PORTUGAL Outbound SMS - Optimus,0.0473
PT,Portugal,PORTUGAL Outbound SMS - Other,0.0473
PT,Portugal,PORTUGAL Outbound SMS - TMN,0.0473
PT,Portugal,PORTUGAL Outbound SMS - Vodafone,0.0473
PW,Palau,PALAU Outbound SMS - Palau National Communications Corporation (,0.0998
PY,Paraguay,PARAGUAY Outbound SMS - Claro,0.0934
PY,Paraguay,PARAGUAY Outbound SMS - Other,0.0934
PY,Paraguay,PARAGUAY Outbound SMS - Personal,0.0934
PY,Paraguay,PARAGUAY Outbound SMS - Tigo,0.0934
PY,Paraguay,PARAGUAY Outbound SMS - VOX,0.0934
QA,Qatar,QATAR Outbound SMS - Other,0.2218
QA,Qatar,QATAR Outbound SMS - Q-Tel,0.2218
QA,Qatar,QATAR Outbound SMS - Vodafone,0.2218
QK,Unknown,KOSOVO Outbound SMS - IPKO,0.2114
QK,Unknown,KOSOVO Outbound SMS - Vala,0.2114
QK,Unknown,KOSOVO Outbound SMS - Zmobile,0.2114
RE,Reunion/Mayotte,REUNION Outbound SMS - Orange,0.1911
RE,Reunion/Mayotte,REUNION Outbound SMS - Other,0.1911
RE,Reunion/Mayotte,REUNION Outbound SMS - Outremer,0.1911
RE,Reunion/Mayotte,REUNION Outbound SMS - SFR,0.1911
RO,Romania,ROMANIA Outbound SMS - Cosmote,0.0737
RO,Romania,ROMANIA Outbound SMS - Digi.Mobil,0.0737
RO,Romania,ROMANIA Outbound SMS - Orange,0.0737
RO,Romania,ROMANIA Outbound SMS - Other,0.0737
RO,Romania,ROMANIA Outbound SMS - Romtelecom,0.0737
RO,Romania,ROMANIA Outbound SMS - Vodafone,0.0737
RS,Serbia,SERBIA Outbound SMS - Other,0.2416
RS,Serbia,SERBIA Outbound SMS - Telenor,0.2416
RS,Serbia,SERBIA Outbound SMS - mts,0.2416
RS,Serbia,SERBIA Outbound SMS - vip,0.2416
RU,Russia,RUSSIA Outbound SMS - Beeline,0.7096
RU,Russia,RUSSIA Outbound SMS - Global Telecom,0.7096
RU,Russia,RUSSIA Outbound SMS - MOTIV,0.7096
RU,Russia,RUSSIA Outbound SMS - MTS,0.7096
RU,Russia,RUSSIA Outbound SMS - MTT,0.7096
RU,Russia,RUSSIA Outbound SMS - MegaFon,0.7096
RU,Russia,RUSSIA Outbound SMS - Other,0.7096
RU,Russia,RUSSIA Outbound SMS - SMARTS,0.7096
RU,Russia,RUSSIA Outbound SMS - SkyLink,0.7096
RU,Russia,RUSSIA Outbound SMS - Tele2,0.7096
RU,Russia,RUSSIA Outbound SMS - Yota,0.7096
RU,Russia,RUSSIA Outbound SMS -TMT,0.7096
RW,Rwanda,RWANDA Outbound SMS - Airtel,0.1849
RW,Rwanda,RWANDA Outbound SMS - MTN,0.1849
RW,Rwanda,RWANDA Outbound SMS - Other,0.1849
RW,Rwanda,RWANDA Outbound SMS - Rwandatel,0.1849
RW,Rwanda,RWANDA Outbound SMS - Tigo,0.1849
SA,Saudi Arabia,SAUDI ARABIA Outbound SMS - Jawwal,0.1
SA,Saudi Arabia,SAUDI ARABIA Outbound SMS - Lebara,0.1
SA,Saudi Arabia,SAUDI ARABIA Outbound SMS - Mobily,0.1
SA,Saudi Arabia,SAUDI ARABIA Outbound SMS - Other,0.1
SA,Saudi Arabia,SAUDI ARABIA Outbound SMS - PTC,0.1
SA,Saudi Arabia,SAUDI ARABIA Outbound SMS - STC,0.1
SA,Saudi Arabia,SAUDI ARABIA Outbound SMS - Sader Al-Iraq,0.1
SA,Saudi Arabia,SAUDI ARABIA Outbound SMS - Zain,0.1
SB,Solomon Islands,SOLOMON ISLANDS Outbound SMS - Solomon Telekom Company,0.083
SB,Solomon Islands,SOLOMON ISLANDS Outbound SMS - bmobile,0.083
SC,Seychelles,SEYCHELLES Outbound SMS - Airtel,0.0372
SC,Seychelles,SEYCHELLES Outbound SMS - Cable and Wireless,0.0372
SC,Seychelles,SEYCHELLES Outbound SMS - Other,0.0372
SC,Seychelles,SEYCHELLES Outbound SMS - Smartcom,0.0372
SD,Sudan,SUDAN Outbound SMS - MTN,0.3043
SD,Sudan,SUDAN Outbound SMS - Other,0.3043
SD,Sudan,SUDAN Outbound SMS - Sudani,0.3043
SD,Sudan,SUDAN Outbound SMS - Vivacell,0.3043
SD,Sudan,SUDAN Outbound SMS - Zain,0.3043
SE,Sweden,SWEDEN Outbound SMS - 3,0.0609
SE,Sweden,SWEDEN Outbound SMS - Fogg Mobile,0.0609
SE,Sweden,SWEDEN Outbound SMS - Fourtytwo Telecom,0.0609
SE,Sweden,SWEDEN Outbound SMS - Gotalandsnatet,0.0609
SE,Sweden,SWEDEN Outbound SMS - Limitless,0.0609
SE,Sweden,SWEDEN Outbound SMS - Lycamobile,0.0609
SE,Sweden,SWEDEN Outbound SMS - Maingate,0.0609
SE,Sweden,SWEDEN Outbound SMS - Mundio Mobile,0.0609
SE,Sweden,SWEDEN Outbound SMS - Other,0.0609
SE,Sweden,SWEDEN Outbound SMS - Tele2,0.0609
SE,Sweden,SWEDEN Outbound SMS - Telenor,0.0609
SE,Sweden,SWEDEN Outbound SMS - Telia,0.0609
SE,Sweden,SWEDEN Outbound SMS - Ventelo,0.0609
SE,Sweden,SWEDEN Outbound SMS - Voxbone,0.0609
SG,Singapore,SINGAPORE Outbound SMS - Circles,0.0435
SG,Singapore,SINGAPORE Outbound SMS - M1,0.0435
SG,Singapore,SINGAPORE Outbound SMS - Other,0.0435
SG,Singapore,SINGAPORE Outbound SMS - SingTel,0.0435
SG,Singapore,SINGAPORE Outbound SMS - StarHub,0.0435
SI,Slovenia,SLOVENIA Outbound SMS - Mobitel,0.1491
SI,Slovenia,SLOVENIA Outbound SMS - Other,0.1491
SI,Slovenia,SLOVENIA Outbound SMS - Si.mobil,0.1491
SI,Slovenia,SLOVENIA Outbound SMS - T-2,0.1491
SI,Slovenia,SLOVENIA Outbound SMS - TuaÃ…Â­obil,0.1491
SK,Slovakia,SLOVAKIA Outbound SMS - O2,0.0883
SK,Slovakia,SLOVAKIA Outbound SMS - Orange,0.0883
SK,Slovakia,SLOVAKIA Outbound SMS - Other,0.0883
SK,Slovakia,SLOVAKIA Outbound SMS - Swan,0.0883
SK,Slovakia,SLOVAKIA Outbound SMS - Telekom,0.0883
SL,Sierra Leone,SIERRA LEONE Outbound SMS - Africell,0.1877
SL,Sierra Leone,SIERRA LEONE Outbound SMS - Airtel,0.1877
SL,Sierra Leone,SIERRA LEONE Outbound SMS - Comium,0.1877
SL,Sierra Leone,SIERRA LEONE Outbound SMS - Datatel,0.1877
SL,Sierra Leone,SIERRA LEONE Outbound SMS - Mobitel,0.1877
SL,Sierra Leone,SIERRA LEONE Outbound SMS - Other,0.1877
SL,Sierra Leone,SIERRA LEONE Outbound SMS - Tigo,0.1877
SM,San Marino,SAN MARINO Outbound SMS - Other,0.1096
SM,San Marino,SAN MARINO Outbound SMS - Prima,0.1096
SN,Senegal,SENEGAL Outbound SMS - Expresso,0.2594
SN,Senegal,SENEGAL Outbound SMS - Orange,0.2594
SN,Senegal,SENEGAL Outbound SMS - Other,0.2594
SN,Senegal,SENEGAL Outbound SMS - Tigo,0.2594
SO,Somalia,SOMALIA Outbound SMS - Golis Telecom Somalia,0.2286
SO,Somalia,SOMALIA Outbound SMS - Hormuud Telecom,0.2286
SO,Somalia,SOMALIA Outbound SMS - Nationlink,0.2286
SO,Somalia,SOMALIA Outbound SMS - Other,0.2286
SO,Somalia,SOMALIA Outbound SMS - SOMAFONE,0.2286
SO,Somalia,SOMALIA Outbound SMS - Somtel,0.2286
SO,Somalia,SOMALIA Outbound SMS - Telcom Mobile,0.2286
SO,Somalia,SOMALIA Outbound SMS - Telesom,0.2286
SR,Suriname,SURINAME Outbound SMS - Digicel,0.1301
SR,Suriname,SURINAME Outbound SMS - Other,0.1301
SR,Suriname,SURINAME Outbound SMS - Telesur,0.1301
SR,Suriname,SURINAME Outbound SMS - UNIQA,0.1301
SS,South Sudan,SOUTH SUDAN Outbound SMS - MTN,0.2399
SS,South Sudan,SOUTH SUDAN Outbound SMS - Other,0.2399
SS,South Sudan,SOUTH SUDAN Outbound SMS - Vivacell,0.2399
SS,South Sudan,SOUTH SUDAN Outbound SMS - Zain,0.2399
ST,Sao Tome and Principe,SAO TOME AND PRINCIPE Outbound SMS - CST,0.1307
ST,Sao Tome and Principe,SAO TOME AND PRINCIPE Outbound SMS - Other,0.1307
ST,Sao Tome and Principe,SAO TOME AND PRINCIPE Outbound SMS - STP ,0.1307
SV,El Salvador,EL SALVADOR Outbound SMS - Claro,0.0972
SV,El Salvador,EL SALVADOR Outbound SMS - Digicel,0.0972
SV,El Salvador,EL SALVADOR Outbound SMS - Other,0.0972
SV,El Salvador,EL SALVADOR Outbound SMS - Tigo,0.0972
SV,El Salvador,EL SALVADOR Outbound SMS - movistar,0.0972
SY,Syria,SYRIA Outbound SMS - MTN,0.3118
SY,Syria,SYRIA Outbound SMS - Other,0.3118
SY,Syria,SYRIA Outbound SMS - Syriatel,0.3118
SZ,Swaziland,SWAZILAND Outbound SMS - MTN,0.0919
SZ,Swaziland,SWAZILAND Outbound SMS - Other,0.0919
TC,Turks and Caicos Islands,TURKS & CAICOS Outbound SMS - Digicel,0.1341
TC,Turks and Caicos Islands,TURKS & CAICOS Outbound SMS - LIME,0.1341
TC,Turks and Caicos Islands,TURKS & CAICOS Outbound SMS - Other,0.1341
TC,Turks and Caicos Islands,TURKS AND CAICOS ISLANDS Outbound SMS - Islandcom Wireless,0.1341
TD,Chad,CHAD Outbound SMS - Airtel,0.2897
TD,Chad,CHAD Outbound SMS - Other,0.2897
TD,Chad,CHAD Outbound SMS - Tigo,0.2897
TG,Togo,TOGO Outbound SMS - Moov,0.2019
TG,Togo,TOGO Outbound SMS - Other,0.2019
TG,Togo,TOGO Outbound SMS - Togocel,0.2019
TH,Thailand,THAILAND Outbound SMS - AIS,0.0305
TH,Thailand,THAILAND Outbound SMS - CAT CDMA,0.0305
TH,Thailand,THAILAND Outbound SMS - DTAC,0.0305
TH,Thailand,THAILAND Outbound SMS - GSM 1800,0.0305
TH,Thailand,THAILAND Outbound SMS - MY,0.0305
TH,Thailand,THAILAND Outbound SMS - Other,0.0305
TH,Thailand,THAILAND Outbound SMS - TOT 3G,0.0305
TH,Thailand,THAILAND Outbound SMS - True Move,0.0305
TJ,Tajikistan,TAJIKISTAN Outbound SMS - Babilon Mobile,0.4505
TJ,Tajikistan,TAJIKISTAN Outbound SMS - Beeline,0.4505
TJ,Tajikistan,TAJIKISTAN Outbound SMS - Indigo,0.4505
TJ,Tajikistan,TAJIKISTAN Outbound SMS - MLT,0.4505
TJ,Tajikistan,TAJIKISTAN Outbound SMS - Other,0.4505
TJ,Tajikistan,TAJIKISTAN Outbound SMS - Somoncom,0.4505
TL,East Timor,TIMOR Outbound SMS - Other,0.1135
TL,East Timor,TIMOR-LESTE Outbound SMS - Telemor,0.1135
TL,East Timor,TIMOR-LESTE Outbound SMS - Telin,0.1135
TL,East Timor,TIMOR-LESTE Outbound SMS - Timor Telecom,0.1135
TM,Turkmenistan,TURKMENISTAN Outbound SMS - TM Cell,0.3233
TN,Tunisia,TUNISIA Outbound SMS - Orange,0.2803
TN,Tunisia,TUNISIA Outbound SMS - Other,0.2803
TN,Tunisia,TUNISIA Outbound SMS - Tunicell,0.2803
TN,Tunisia,TUNISIA Outbound SMS - Tunisiana,0.2803
TO,Tonga,TONGA Outbound SMS  - Tonfon,0.1307
TO,Tonga,TONGA Outbound SMS - Digicel,0.1307
TO,Tonga,TONGA Outbound SMS - Other,0.1307
TO,Tonga,TONGA Outbound SMS - U-Call,0.1307
TR,Turkey,TURKEY Outbound SMS - Avea,0.0305
TR,Turkey,TURKEY Outbound SMS - Other,0.0305
TR,Turkey,TURKEY Outbound SMS - Turkcell,0.0305
TR,Turkey,TURKEY Outbound SMS - Vodafone,0.0305
TT,Trinidad and Tobago,TRINIDAD AND TOBAGO Outbound SMS - Digicel,0.2399
TT,Trinidad and Tobago,TRINIDAD AND TOBAGO Outbound SMS - Other,0.2399
TT,Trinidad and Tobago,TRINIDAD AND TOBAGO Outbound SMS - bMobile,0.2399
TV,Tuvalu,TUVALU Outbound SMS - Tuvalu Telecommunications Corporation,0.1332
TW,Taiwan,TAIWAN Outbound SMS - APT,0.0595
TW,Taiwan,TAIWAN Outbound SMS - Chunghwa Telecom,0.0595
TW,Taiwan,TAIWAN Outbound SMS - FarEasTone,0.0595
TW,Taiwan,TAIWAN Outbound SMS - Other,0.0595
TW,Taiwan,TAIWAN Outbound SMS - Taiwan Mobile,0.0595
TW,Taiwan,TAIWAN Outbound SMS - VIBO,0.0595
TZ,Tanzania,TANZANIA Outbound SMS - Airtel,0.269
TZ,Tanzania,TANZANIA Outbound SMS - Benson Informatics,0.269
TZ,Tanzania,TANZANIA Outbound SMS - Excellentcom,0.269
TZ,Tanzania,TANZANIA Outbound SMS - Other,0.269
TZ,Tanzania,TANZANIA Outbound SMS - Sasatel,0.269
TZ,Tanzania,TANZANIA Outbound SMS - SmileCom,0.269
TZ,Tanzania,TANZANIA Outbound SMS - TTCL Mobile,0.269
TZ,Tanzania,TANZANIA Outbound SMS - Tigo,0.269
TZ,Tanzania,TANZANIA Outbound SMS - Vodacom,0.269
TZ,Tanzania,TANZANIA Outbound SMS - Zantel,0.269
UA,Ukraine,UKRAINE Outbound SMS - Beeline,0.1747
UA,Ukraine,UKRAINE Outbound SMS - Golden Telecom,0.1747
UA,Ukraine,UKRAINE Outbound SMS - ITC,0.1747
UA,Ukraine,UKRAINE Outbound SMS - Intertelecom,0.1747
UA,Ukraine,UKRAINE Outbound SMS - Kyivstar,0.1747
UA,Ukraine,UKRAINE Outbound SMS - MTS,0.1747
UA,Ukraine,UKRAINE Outbound SMS - Other,0.1747
UA,Ukraine,UKRAINE Outbound SMS - Telesystems,0.1747
UA,Ukraine,UKRAINE Outbound SMS - TriMob,0.1747
UA,Ukraine,UKRAINE Outbound SMS - life:),0.1747
UG,Uganda,UGANDA Outbound SMS - Airtel,0.2122
UG,Uganda,UGANDA Outbound SMS - MTN,0.2122
UG,Uganda,UGANDA Outbound SMS - Orange,0.2122
UG,Uganda,UGANDA Outbound SMS - Other,0.2122
UG,Uganda,UGANDA Outbound SMS - UT Mobile,0.2122
UG,Uganda,UGANDA Outbound SMS - Vodafone,0.2122
UG,Uganda,UGANDA Outbound SMS - Warid,0.2122
US,United States,UNITED STATES Outbound SMS - AT&T,0.0079
US,United States,UNITED STATES Outbound SMS - Other,0.0079
US,United States,UNITED STATES Outbound SMS - T-Mobile,0.0079
UY,Uruguay,URUGUAY Outbound SMS - Antel,0.0852
UY,Uruguay,URUGUAY Outbound SMS - Claro,0.0852
UY,Uruguay,URUGUAY Outbound SMS - Other,0.0852
UY,Uruguay,URUGUAY Outbound SMS - movistar,0.0852
UZ,Uzbekistan,UZBEKISTAN Outbound SMS - Beeline,0.3828
UZ,Uzbekistan,UZBEKISTAN Outbound SMS - Other,0.3828
UZ,Uzbekistan,UZBEKISTAN Outbound SMS - Perfectum,0.3828
UZ,Uzbekistan,UZBEKISTAN Outbound SMS - Ucell,0.3828
UZ,Uzbekistan,UZBEKISTAN Outbound SMS - Uzdunrobita,0.3828
UZ,Uzbekistan,UZBEKISTAN Outbound SMS - Uzmobile,0.3828
VC,St Vincent Grenadines,ST. VINCENT & GRENADINES Outbound SMS - Digicel,0.1954
VC,St Vincent Grenadines,ST. VINCENT & GRENADINES Outbound SMS - LIME,0.1954
VC,St Vincent Grenadines,ST. VINCENT & GRENADINES Outbound SMS - Other,0.1954
VE,Venezuela,VENEZUELA Outbound SMS - Digitel,0.0852
VE,Venezuela,VENEZUELA Outbound SMS - Movilnet,0.0852
VE,Venezuela,VENEZUELA Outbound SMS - Other,0.0852
VE,Venezuela,VENEZUELA Outbound SMS - movistar,0.0852
VG,"Virgin Islands, British",BRITISH VIRGIN ISLANDS Outbound SMS - CCT,0.1875
VG,"Virgin Islands, British",BRITISH VIRGIN ISLANDS Outbound SMS - Digicel,0.1875
VG,"Virgin Islands, British",BRITISH VIRGIN ISLANDS Outbound SMS - LIME,0.1875
VG,"Virgin Islands, British",BRITISH VIRGIN ISLANDS Outbound SMS - Other,0.1875
VI,"Virgin Islands, U.S.",US VIRGIN ISLANDS Outbound SMS,0.02
VN,Vietnam,VIETNAM Outbound SMS - Beeline,0.1552
VN,Vietnam,VIETNAM Outbound SMS - EVNTelecom,0.1552
VN,Vietnam,VIETNAM Outbound SMS - MobiFone,0.1552
VN,Vietnam,VIETNAM Outbound SMS - Other,0.1552
VN,Vietnam,VIETNAM Outbound SMS - S-Fone,0.1552
VN,Vietnam,VIETNAM Outbound SMS - Vietnamobile,0.1552
VN,Vietnam,VIETNAM Outbound SMS - Viettel Mobile,0.1552
VN,Vietnam,VIETNAM Outbound SMS - Vinaphone,0.1552
VU,Vanuatu,VANUATU Outbound SMS - AIL Vanuatu,0.1657
VU,Vanuatu,VANUATU Outbound SMS - Digicel Vanuatu,0.1657
VU,Vanuatu,VANUATU Outbound SMS - Other,0.1657
VU,Vanuatu,VANUATU Outbound SMS - TVL,0.1657
WF,Wallis and Futuna,WALLIS AND FUTUNA Outbound SMS - Other,0.11
WS,Samoa,SAMOA Outbound SMS - Digicel,0.1856
WS,Samoa,SAMOA Outbound SMS - Other,0.1856
WS,Samoa,SAMOA Outbound SMS - SamoaTel,0.1856
YE,Yemen,YEMEN Outbound SMS - HiTS-UNITEL,0.2391
YE,Yemen,YEMEN Outbound SMS - Other,0.2391
YE,Yemen,YEMEN Outbound SMS - Sabafon,0.2391
YE,Yemen,YEMEN Outbound SMS - Spacetel Yemen,0.2391
YE,Yemen,YEMEN Outbound SMS - Yemen Mobile,0.2391
ZA,South Africa,SOUTH AFRICA Outbound SMS - 8ta,0.0757
ZA,South Africa,SOUTH AFRICA Outbound SMS - Cell C,0.0757
ZA,South Africa,SOUTH AFRICA Outbound SMS - MTN,0.0757
ZA,South Africa,SOUTH AFRICA Outbound SMS - Other,0.0757
ZA,South Africa,SOUTH AFRICA Outbound SMS - Vodacom,0.0757
ZM,Zambia,ZAMBIA Outbound SMS - Airtel,0.3278
ZM,Zambia,ZAMBIA Outbound SMS - MTN,0.3278
ZM,Zambia,ZAMBIA Outbound SMS - Other,0.3278
ZM,Zambia,ZAMBIA Outbound SMS - ZAMTEL,0.3278
ZW,Zimbabwe,ZIMBABWE Outbound SMS - Econet Wireless,0.2016
ZW,Zimbabwe,ZIMBABWE Outbound SMS - NetOne,0.2016
ZW,Zimbabwe,ZIMBABWE Outbound SMS - Other,0.2016
ZW,Zimbabwe,ZIMBABWE Outbound SMS - Telecel,0.2016
